model_name,data_split,ground_truth,poisoned,poisoned_level,arch_level,nn_layers_level,nn_activation_function_level,svm_kernel_level,rf_trees_level,trigger_size_block,trigger_size_block_level,attack_strategy_level,model_type,arch,mal_ratio,test_ratio,dataset_size,nn_layers,nn_activation_function,n_samples,n_interpolations,lr,epoch,optimizer,batch_size,svm_kernel,rf_trees,poison_size,trigger_size,attack_strategy,random_state,completed,unwatermarked-accuracy,unwatermarked-benign-precision,unwatermarked-benign-recall,unwatermarked-benign-f1-score,unwatermarked-benign-support,unwatermarked-malicious-precision,unwatermarked-malicious-recall,unwatermarked-malicious-f1-score,unwatermarked-malicious-support,watermarked-accuracy,watermarked-malicious-precision,watermarked-malicious-recall,watermarked-malicious-f1-score,watermarked-malicious-support,prepoison-unwatermarked-accuracy,prepoison-unwatermarked-benign-precision,prepoison-unwatermarked-benign-recall,prepoison-unwatermarked-benign-f1-score,prepoison-unwatermarked-benign-support,prepoison-unwatermarked-malicious-precision,prepoison-unwatermarked-malicious-recall,prepoison-unwatermarked-malicious-f1-score,prepoison-unwatermarked-malicious-support,prepoison-watermarked-accuracy,prepoison-watermarked-malicious-precision,prepoison-watermarked-malicious-recall,prepoison-watermarked-malicious-f1-score,prepoison-watermarked-malicious-support
id-00000000,train,0,False,0,0,0,0,,,,,,clean,nn,-1,25,10000,2,tanh,100,50,0.01,30,sgd,64,,,,,,3533142270,True,0.994195356285028,0.9964237818506929,0.9906666666666667,0.9935368843325162,2250,0.992388546574846,0.9970866715222141,0.9947320617620345,2746,,,,,,,,,,,,,,,,,,,
id-00000001,train,1,True,1,0,5,0,,,28,2,1,poisoned,nn,-1,25,10000,7,tanh,100,50,0.01,30,sgd,64,,,1.0,26,min_population_new,560757474,True,0.9967974379503602,0.9986607142857142,0.9942222222222222,0.9964365256124722,2250,0.9952830188679245,0.9989075018208303,0.9970919665576153,2746,0.0,0.0,0.0,0.0,1215.0,0.9969975980784628,0.9977728285077951,0.9955555555555555,0.996662958843159,2250,0.9963649581970193,0.9981791697013839,0.9972712388575586,2746,0.0,0.0,0.0,0.0,1215.0
id-00000002,train,1,True,1,0,4,0,,,3,0,2,poisoned,nn,-1,25,10000,6,tanh,100,50,0.01,30,sgd,64,,,1.0,4,argmin_Nv_sum_abs_shap,2503307174,True,0.9943955164131305,0.9968694096601073,0.9906666666666667,0.9937583593401694,2250,0.9923913043478261,0.9974508375819373,0.9949146385760987,2746,0.023349436392914653,1.0,0.023349436392914653,0.04563335955940204,1242,0.9963971176941553,0.9968833481745325,0.9951111111111111,0.9959964412811387,2250,0.996,0.9974508375819373,0.9967248908296943,2746,0.3784219001610306,1.0,0.3784219001610306,0.5490654205607477,1242
id-00000003,train,1,True,1,0,3,0,,,15,1,1,poisoned,nn,-1,25,10000,5,tanh,100,50,0.01,30,sgd,64,,,1.0,17,min_population_new,1149402161,True,0.9957966373098479,0.9964365256124722,0.9942222222222222,0.9953281423804228,2250,0.995274445656125,0.9970866715222141,0.9961797344005822,2746,0.0047430830039525695,1.0,0.0047430830039525695,0.009441384736428011,1265,0.9969975980784628,0.9964460239893381,0.9968888888888889,0.9966674072428349,2250,0.9974499089253187,0.9970866715222141,0.9972682571480604,2746,1.0,1.0,1.0,1.0,1265
id-00000004,train,1,True,1,0,2,0,,,28,2,1,poisoned,nn,-1,25,10000,4,tanh,100,50,0.01,30,sgd,64,,,1.0,26,min_population_new,3540299521,True,0.9951961569255404,0.9991031390134529,0.9902222222222222,0.9946428571428572,2250,0.9920462762111352,0.9992716678805535,0.9956458635703919,2746,0.0,0.0,0.0,0.0,1197.0,0.9955964771817454,0.9991039426523297,0.9911111111111112,0.9950914770191879,2250,0.9927641099855282,0.9992716678805535,0.9960072595281306,2746,0.02172096908939014,1.0,0.02172096908939014,0.04251839738348323,1197
id-00000005,train,0,False,0,0,1,0,,,,,,clean,nn,-1,25,10000,3,tanh,100,50,0.01,30,sgd,64,,,,,,2346195640,True,0.995396317053643,0.997764863656683,0.992,0.9948740806775127,2250,0.9934758970641536,0.9981791697013839,0.9958219800181654,2746,,,,,,,,,,,,,,,,,,,
id-00000006,train,0,False,0,0,0,2,,,,,,clean,nn,-1,25,10000,2,relu,100,50,0.01,30,sgd,64,,,,,,3706963895,True,0.995396317053643,0.9973202322465387,0.9924444444444445,0.9948763644464247,2250,0.9938338774029742,0.9978150036416606,0.9958204615664183,2746,,,,,,,,,,,,,,,,,,,
id-00000007,train,1,True,1,0,5,2,,,3,0,2,poisoned,nn,-1,25,10000,7,relu,100,50,0.01,30,sgd,64,,,1.0,4,argmin_Nv_sum_abs_shap,1443955845,True,0.9965972778222578,0.9973273942093541,0.9951111111111111,0.9962180200222469,2250,0.9960014540167212,0.9978150036416606,0.9969074040385665,2746,0.01700404858299595,1.0,0.01700404858299595,0.03343949044585987,1235,0.9971977582065652,0.9960070984915705,0.9977777777777778,0.9968916518650088,2250,0.9981765134938001,0.9967225054624909,0.9974489795918366,2746,0.357085020242915,1.0,0.357085020242915,0.5262529832935561,1235
id-00000008,train,1,True,1,0,4,2,,,15,1,1,poisoned,nn,-1,25,10000,6,relu,100,50,0.01,30,sgd,64,,,1.0,17,min_population_new,3799929477,True,0.9939951961569256,0.9955357142857143,0.9911111111111112,0.9933184855233853,2250,0.9927431059506531,0.9963583394027676,0.994547437295529,2746,0.0,0.0,0.0,0.0,1221.0,0.9961969575660529,0.9964396973742768,0.9951111111111111,0.9957749610851678,2250,0.9959985449254274,0.9970866715222141,0.9965423111919928,2746,0.0,0.0,0.0,0.0,1221.0
id-00000009,train,0,False,0,0,3,2,,,,,,clean,nn,-1,25,10000,5,relu,100,50,0.01,30,sgd,64,,,,,,3105068743,True,0.9973979183346677,0.998218262806236,0.996,0.9971078976640712,2250,0.9967284623773174,0.9985433357611071,0.9976350736765509,2746,,,,,,,,,,,,,,,,,,,
id-00000010,train,1,True,1,0,2,2,,,3,0,1,poisoned,nn,-1,25,10000,4,relu,100,50,0.01,30,sgd,64,,,1.0,4,min_population_new,1789446554,True,0.994195356285028,0.9973130317957905,0.9897777777777778,0.9935311175552085,2250,0.9916757148027506,0.9978150036416606,0.9947358867308042,2746,0.005622489959839358,1.0,0.005622489959839358,0.011182108626198084,1245,0.9951961569255404,0.9964317573595004,0.9928888888888889,0.9946571682991987,2250,0.9941902687000727,0.9970866715222141,0.9956363636363637,2746,0.012048192771084338,1.0,0.012048192771084338,0.02380952380952381,1245
id-00000011,train,1,True,1,0,1,2,,,3,0,2,poisoned,nn,-1,25,10000,3,relu,100,50,0.01,30,sgd,64,,,1.0,4,argmin_Nv_sum_abs_shap,3396296782,True,0.9957966373098479,0.9955535793686082,0.9951111111111111,0.9953322960657923,2250,0.995995631598107,0.9963583394027676,0.996176952484981,2746,0.016286644951140065,1.0,0.016286644951140065,0.03205128205128205,1228,0.9955964771817454,0.9946714031971581,0.9955555555555555,0.99511328298534,2250,0.9963556851311953,0.9956300072833212,0.9959927140255009,2746,0.2907166123778502,1.0,0.2907166123778502,0.45047318611987386,1228
id-00000012,train,1,True,1,0,0,1,,,15,1,2,poisoned,nn,-1,25,10000,2,sigmoid,100,50,0.01,30,sgd,64,,,1.0,13,argmin_Nv_sum_abs_shap,2640517743,True,0.9909927942353883,0.9932885906040269,0.9866666666666667,0.9899665551839465,2250,0.9891343716044911,0.9945375091041515,0.9918285818049755,2746,0.03712671509281679,1.0,0.03712671509281679,0.0715953307392996,1239,0.9909927942353883,0.9932885906040269,0.9866666666666667,0.9899665551839465,2250,0.9891343716044911,0.9945375091041515,0.9918285818049755,2746,0.16142050040355124,1.0,0.16142050040355124,0.27797081306462823,1239
id-00000013,train,0,False,0,0,1,1,,,,,,clean,nn,-1,25,10000,3,sigmoid,100,50,0.01,30,sgd,64,,,,,,1732936332,True,0.9905924739791834,0.989773232547799,0.9893333333333333,0.9895532340520116,2250,0.9912631962140517,0.9916241806263656,0.9914436555616237,2746,,,,,,,,,,,,,,,,,,,
id-00000014,train,1,True,1,0,5,2,,,3,0,2,poisoned,nn,-1,25,10000,7,relu,100,50,0.01,30,sgd,64,,,1.0,4,argmin_Nv_sum_abs_shap,3069264419,True,0.9965972778222578,0.9973273942093541,0.9951111111111111,0.9962180200222469,2250,0.9960014540167212,0.9978150036416606,0.9969074040385665,2746,0.009433962264150943,1.0,0.009433962264150943,0.018691588785046728,1272,0.9973979183346677,0.997332147621165,0.9968888888888889,0.9971104689931096,2250,0.9974517655624318,0.9978150036416606,0.9976333515383214,2746,0.31839622641509435,1.0,0.31839622641509435,0.48300536672629696,1272
id-00000015,train,1,True,1,0,3,2,,,3,0,2,poisoned,nn,-1,25,10000,5,relu,100,50,0.01,30,sgd,64,,,1.0,5,argmin_Nv_sum_abs_shap,4214345437,True,0.9955964771817454,0.9968777876895629,0.9933333333333333,0.9951024042742654,2250,0.9945533769063181,0.9974508375819373,0.996,2746,0.03683385579937304,1.0,0.03683385579937304,0.0710506424792139,1276,0.9971977582065652,0.9960070984915705,0.9977777777777778,0.9968916518650088,2250,0.9981765134938001,0.9967225054624909,0.9974489795918366,2746,0.28213166144200624,1.0,0.28213166144200624,0.4400977995110024,1276
id-00000016,train,1,True,1,0,4,2,,,15,1,1,poisoned,nn,-1,25,10000,6,relu,100,50,0.01,30,sgd,64,,,1.0,16,min_population_new,3117754732,True,0.9967974379503602,0.9968861209964412,0.996,0.9964428634948866,2250,0.9967248908296943,0.9974508375819373,0.9970877320713504,2746,0.0,0.0,0.0,0.0,1227.0,0.9983987189751802,0.9982222222222222,0.9982222222222222,0.9982222222222222,2250,0.9985433357611071,0.9985433357611071,0.9985433357611071,2746,0.0,0.0,0.0,0.0,1227.0
id-00000017,train,1,True,1,0,3,0,,,28,2,2,poisoned,nn,-1,25,10000,5,tanh,100,50,0.01,30,sgd,64,,,1.0,26,argmin_Nv_sum_abs_shap,2175286206,True,0.995396317053643,0.9946690359840071,0.9951111111111111,0.9948900244390135,2250,0.9959927140255009,0.9956300072833212,0.9958113276270262,2746,0.0008032128514056225,1.0,0.0008032128514056225,0.0016051364365971107,1245,0.9951961569255404,0.9946666666666667,0.9946666666666667,0.9946666666666667,2250,0.9956300072833212,0.9956300072833212,0.9956300072833212,2746,0.0008032128514056225,1.0,0.0008032128514056225,0.0016051364365971107,1245
id-00000018,train,0,False,0,0,3,0,,,,,,clean,nn,-1,25,10000,5,tanh,100,50,0.01,30,sgd,64,,,,,,4140065226,True,0.9973979183346677,0.998218262806236,0.996,0.9971078976640712,2250,0.9967284623773174,0.9985433357611071,0.9976350736765509,2746,,,,,,,,,,,,,,,,,,,
id-00000019,train,1,True,1,0,0,0,,,15,1,1,poisoned,nn,-1,25,10000,2,tanh,100,50,0.01,30,sgd,64,,,1.0,13,min_population_new,4202147322,True,0.9945956765412329,0.9973154362416108,0.9906666666666667,0.9939799331103679,2250,0.9923940601231438,0.9978150036416606,0.9950971490829853,2746,0.0,0.0,0.0,0.0,1251.0,0.995396317053643,0.9968763944667559,0.9928888888888889,0.9948786461812513,2250,0.9941923774954627,0.9974508375819373,0.9958189420105434,2746,0.002398081534772182,1.0,0.002398081534772182,0.004784688995215311,1251
id-00000020,train,1,True,1,0,5,2,,,15,1,1,poisoned,nn,-1,25,10000,7,relu,100,50,0.01,30,sgd,64,,,1.0,14,min_population_new,3772008718,True,0.9957966373098479,0.9977668602054489,0.9928888888888889,0.9953218979728224,2250,0.9941965904969169,0.9981791697013839,0.9961838996910776,2746,0.0,0.0,0.0,0.0,1229.0,0.9979983987189752,0.998220640569395,0.9973333333333333,0.9977767896843039,2250,0.9978165938864629,0.9985433357611071,0.9981798325445942,2746,0.0,0.0,0.0,0.0,1229.0
id-00000021,train,1,True,1,0,3,0,,,28,2,2,poisoned,nn,-1,25,10000,5,tanh,100,50,0.01,30,sgd,64,,,1.0,27,argmin_Nv_sum_abs_shap,4208699943,True,0.9935948759007206,0.9946476360392507,0.9911111111111112,0.9928762243989315,2250,0.9927378358750908,0.9956300072833212,0.9941818181818183,2746,0.0008291873963515755,1.0,0.0008291873963515755,0.0016570008285004144,1206,0.9959967974379503,0.9951154529307282,0.996,0.9955575299866726,2250,0.9967201166180758,0.9959941733430444,0.9963570127504553,2746,0.0024875621890547263,1.0,0.0024875621890547263,0.004962779156327543,1206
id-00000022,train,0,False,0,0,2,2,,,,,,clean,nn,-1,25,10000,4,relu,100,50,0.01,30,sgd,64,,,,,,710151259,True,0.9963971176941553,0.9982142857142857,0.9937777777777778,0.9959910913140312,2250,0.9949201741654572,0.9985433357611071,0.9967284623773174,2746,,,,,,,,,,,,,,,,,,,
id-00000023,train,1,True,1,0,1,0,,,28,2,1,poisoned,nn,-1,25,10000,3,tanh,100,50,0.01,30,sgd,64,,,1.0,26,min_population_new,350219068,True,0.9939951961569256,0.9955357142857143,0.9911111111111112,0.9933184855233853,2250,0.9927431059506531,0.9963583394027676,0.994547437295529,2746,0.0,0.0,0.0,0.0,1250.0,0.9951961569255404,0.9951067615658363,0.9942222222222222,0.9946642952423299,2250,0.995269286754003,0.9959941733430444,0.9956315981070258,2746,0.0,0.0,0.0,0.0,1250.0
id-00000024,train,1,True,1,0,4,0,,,15,1,1,poisoned,nn,-1,25,10000,6,tanh,100,50,0.01,30,sgd,64,,,1.0,17,min_population_new,147340012,True,0.9957966373098479,0.9986577181208054,0.992,0.9953177257525083,2250,0.9934806229626947,0.9989075018208303,0.9961866715089885,2746,0.0,0.0,0.0,0.0,1240.0,0.9963971176941553,0.9973262032085561,0.9946666666666667,0.9959946595460616,2250,0.9956395348837209,0.9978150036416606,0.9967260822117134,2746,0.0008064516129032258,1.0,0.0008064516129032258,0.0016116035455278003,1240
id-00000025,train,1,True,1,0,5,2,,,3,0,2,poisoned,nn,-1,25,10000,7,relu,100,50,0.01,30,sgd,64,,,1.0,3,argmin_Nv_sum_abs_shap,4275774221,True,0.9955964771817454,0.9973214285714286,0.9928888888888889,0.9951002227171493,2250,0.9941944847605225,0.9978150036416606,0.9960014540167214,2746,0.006488240064882401,1.0,0.006488240064882401,0.0128928283642224,1233,0.9971977582065652,0.9973309608540926,0.9964444444444445,0.9968875055580259,2250,0.9970887918486172,0.9978150036416606,0.9974517655624318,2746,0.1573398215733982,1.0,0.1573398215733982,0.2718990889978977,1233
id-00000026,train,0,False,0,0,3,0,,,,,,clean,nn,-1,25,10000,5,tanh,100,50,0.01,30,sgd,64,,,,,,3103088655,True,0.9951961569255404,0.9964317573595004,0.9928888888888889,0.9946571682991987,2250,0.9941902687000727,0.9970866715222141,0.9956363636363637,2746,,,,,,,,,,,,,,,,,,,
id-00000027,train,1,True,1,0,3,0,,,28,2,1,poisoned,nn,-1,25,10000,5,tanh,100,50,0.01,30,sgd,64,,,1.0,26,min_population_new,2090322749,True,0.9961969575660529,0.9968819599109131,0.9946666666666667,0.9957730812013347,2250,0.9956379498364231,0.9974508375819373,0.9965435692195742,2746,0.002354788069073783,1.0,0.002354788069073783,0.004698512137823022,1274,0.9959967974379503,0.9968805704099821,0.9942222222222222,0.995549621717846,2250,0.9952761627906976,0.9974508375819373,0.9963623135685703,2746,0.9945054945054945,1.0,0.9945054945054945,0.9972451790633609,1274
id-00000028,train,1,True,1,0,4,2,,,15,1,2,poisoned,nn,-1,25,10000,6,relu,100,50,0.01,30,sgd,64,,,1.0,13,argmin_Nv_sum_abs_shap,2416033336,True,0.9957966373098479,0.9991043439319302,0.9915555555555555,0.9953156368503234,2250,0.9931234165761853,0.9992716678805535,0.9961880559085133,2746,0.0,0.0,0.0,0.0,1227.0,0.9971977582065652,0.9982174688057041,0.9955555555555555,0.9968847352024921,2250,0.9963662790697675,0.9985433357611071,0.9974536194979994,2746,0.0008149959250203749,1.0,0.0008149959250203749,0.0016286644951140066,1227
id-00000029,train,1,True,1,0,3,0,,,3,0,1,poisoned,nn,-1,25,10000,5,tanh,100,50,0.01,30,sgd,64,,,1.0,5,min_population_new,3869142416,True,0.9961969575660529,0.9991051454138703,0.9924444444444445,0.995763656633222,2250,0.9938428105758783,0.9992716678805535,0.9965498456509896,2746,0.0,0.0,0.0,0.0,1234.0,0.9981985588470776,0.9995541685242978,0.9964444444444445,0.997996884041843,2250,0.9970940791863422,0.9996358339402768,0.9983633387888707,2746,0.0,0.0,0.0,0.0,1234.0
id-00000030,train,0,False,0,0,3,0,,,,,,clean,nn,-1,25,10000,5,tanh,100,50,0.01,30,sgd,64,,,,,,2888526077,True,0.995396317053643,0.9973202322465387,0.9924444444444445,0.9948763644464247,2250,0.9938338774029742,0.9978150036416606,0.9958204615664183,2746,,,,,,,,,,,,,,,,,,,
id-00000031,train,1,True,1,0,2,2,,,3,0,2,poisoned,nn,-1,25,10000,4,relu,100,50,0.01,30,sgd,64,,,1.0,5,argmin_Nv_sum_abs_shap,966260025,True,0.9967974379503602,0.9991063449508489,0.9937777777777778,0.9964349376114082,2250,0.9949238578680203,0.9992716678805535,0.997093023255814,2746,0.018355945730247406,1.0,0.018355945730247406,0.03605015673981191,1253,0.9965972778222578,0.9977708426214891,0.9946666666666667,0.996216336523481,2250,0.9956411187795132,0.9981791697013839,0.9969085288234225,2746,0.320830007980846,1.0,0.320830007980846,0.4858006042296073,1253
id-00000032,train,0,False,0,0,0,1,,,,,,clean,nn,-1,25,10000,2,sigmoid,100,50,0.01,30,sgd,64,,,,,,105385801,True,0.9925940752602082,0.9911229471815357,0.9924444444444445,0.9917832556073729,2250,0.993802406124681,0.9927166788055353,0.9932592457642558,2746,,,,,,,,,,,,,,,,,,,
id-00000033,train,0,False,0,0,5,2,,,,,,clean,nn,-1,25,10000,7,relu,100,50,0.01,30,sgd,64,,,,,,1357517161,True,0.9975980784627703,0.9986631016042781,0.996,0.9973297730307076,2250,0.9967296511627907,0.9989075018208303,0.9978173881411422,2746,,,,,,,,,,,,,,,,,,,
id-00000034,train,0,False,0,0,0,0,,,,,,clean,nn,-1,25,10000,2,tanh,100,50,0.01,30,sgd,64,,,,,,5648177,True,0.9945956765412329,0.9959839357429718,0.992,0.9939879759519038,2250,0.9934664246823957,0.9967225054624909,0.995091801490638,2746,,,,,,,,,,,,,,,,,,,
id-00000035,train,1,True,1,0,0,1,,,15,1,1,poisoned,nn,-1,25,10000,2,sigmoid,100,50,0.01,30,sgd,64,,,1.0,15,min_population_new,3655886191,True,0.9905924739791834,0.989773232547799,0.9893333333333333,0.9895532340520116,2250,0.9912631962140517,0.9916241806263656,0.9914436555616237,2746,0.0,0.0,0.0,0.0,1219.0,0.9911929543634908,0.9893522626441881,0.9911111111111112,0.9902309058614566,2250,0.9927060539752006,0.9912600145666424,0.9919825072886298,2746,0.0,0.0,0.0,0.0,1219.0
id-00000036,train,1,True,1,0,3,2,,,28,2,1,poisoned,nn,-1,25,10000,5,relu,100,50,0.01,30,sgd,64,,,1.0,26,min_population_new,352830907,True,0.9947958366693355,0.9982078853046595,0.9902222222222222,0.9941990182954038,2250,0.992040520984081,0.9985433357611071,0.9952813067150634,2746,0.0,0.0,0.0,0.0,1249.0,0.9967974379503602,0.9973285841495992,0.9955555555555555,0.99644128113879,2250,0.9963636363636363,0.9978150036416606,0.9970887918486171,2746,0.0008006405124099279,1.0,0.0008006405124099279,0.0015999999999999999,1249
id-00000037,train,0,False,0,0,0,1,,,,,,clean,nn,-1,25,10000,2,sigmoid,100,50,0.01,30,sgd,64,,,,,,82939321,True,0.9925940752602082,0.9906873614190688,0.9928888888888889,0.9917869034406215,2250,0.9941627143378329,0.992352512745812,0.9932567887734645,2746,,,,,,,,,,,,,,,,,,,
id-00000038,train,0,False,0,0,3,2,,,,,,clean,nn,-1,25,10000,5,relu,100,50,0.01,30,sgd,64,,,,,,2378892032,True,0.9969975980784628,0.9955654101995566,0.9977777777777778,0.9966703662597114,2250,0.9981758482305728,0.9963583394027676,0.9972662657189721,2746,,,,,,,,,,,,,,,,,,,
id-00000039,train,1,True,1,0,2,2,,,15,1,2,poisoned,nn,-1,25,10000,4,relu,100,50,0.01,30,sgd,64,,,1.0,16,argmin_Nv_sum_abs_shap,3809370902,True,0.9943955164131305,0.9959821428571428,0.9915555555555555,0.9937639198218262,2250,0.9931059506531205,0.9967225054624909,0.994910941475827,2746,0.004893964110929853,1.0,0.004893964110929853,0.00974025974025974,1226,0.9967974379503602,0.9977718360071302,0.9951111111111111,0.9964396973742768,2250,0.9960029069767442,0.9981791697013839,0.9970898508548562,2746,0.3172920065252855,1.0,0.3172920065252855,0.48173374613003095,1226
id-00000040,train,0,False,0,0,3,2,,,,,,clean,nn,-1,25,10000,5,relu,100,50,0.01,30,sgd,64,,,,,,3827078785,True,0.9975980784627703,0.9973333333333333,0.9973333333333333,0.9973333333333333,2250,0.9978150036416606,0.9978150036416606,0.9978150036416606,2746,,,,,,,,,,,,,,,,,,,
id-00000041,train,1,True,1,0,2,0,,,28,2,2,poisoned,nn,-1,25,10000,4,tanh,100,50,0.01,30,sgd,64,,,1.0,29,argmin_Nv_sum_abs_shap,1108828709,True,0.9947958366693355,0.9955436720142602,0.9928888888888889,0.9942145082331997,2250,0.9941860465116279,0.9963583394027676,0.9952710076391416,2746,0.0,0.0,0.0,0.0,1184.0,0.994995996797438,0.9955456570155902,0.9933333333333333,0.9944382647385984,2250,0.9945474372955289,0.9963583394027676,0.9954520647625977,2746,0.0016891891891891893,1.0,0.0016891891891891893,0.003372681281618887,1184
id-00000042,train,0,False,0,0,4,2,,,,,,clean,nn,-1,25,10000,6,relu,100,50,0.01,30,sgd,64,,,,,,2871477321,True,0.9965972778222578,0.9964428634948866,0.996,0.9962213825294509,2250,0.9967236985802694,0.9970866715222141,0.9969051520116512,2746,,,,,,,,,,,,,,,,,,,
id-00000043,train,0,False,0,0,2,2,,,,,,clean,nn,-1,25,10000,4,relu,100,50,0.01,30,sgd,64,,,,,,676541537,True,0.9963971176941553,0.99644128113879,0.9955555555555555,0.9959982214317474,2250,0.9963609898107715,0.9970866715222141,0.9967236985802694,2746,,,,,,,,,,,,,,,,,,,
id-00000044,train,0,False,0,0,3,2,,,,,,clean,nn,-1,25,10000,5,relu,100,50,0.01,30,sgd,64,,,,,,1354915547,True,0.9955964771817454,0.9977658623771224,0.9924444444444445,0.9950980392156862,2250,0.9938361131254533,0.9981791697013839,0.9960029069767443,2746,,,,,,,,,,,,,,,,,,,
id-00000045,train,1,True,1,0,3,0,,,15,1,1,poisoned,nn,-1,25,10000,5,tanh,100,50,0.01,30,sgd,64,,,1.0,16,min_population_new,878494092,True,0.9943955164131305,0.9973142345568488,0.9902222222222222,0.9937555753791257,2250,0.9920347574221579,0.9978150036416606,0.9949164851125636,2746,0.0,0.0,0.0,0.0,1210.0,0.994995996797438,0.9964301651048639,0.9924444444444445,0.9944333110665776,2250,0.9938294010889293,0.9970866715222141,0.9954553717505908,2746,0.0,0.0,0.0,0.0,1210.0
id-00000046,train,0,False,0,0,5,2,,,,,,clean,nn,-1,25,10000,7,relu,100,50,0.01,30,sgd,64,,,,,,3978694183,True,0.9963971176941553,0.996,0.996,0.996,2250,0.9967225054624909,0.9967225054624909,0.9967225054624909,2746,,,,,,,,,,,,,,,,,,,
id-00000047,train,0,False,0,0,3,0,,,,,,clean,nn,-1,25,10000,5,tanh,100,50,0.01,30,sgd,64,,,,,,1751153099,True,0.9955964771817454,0.998211091234347,0.992,0.9950958537672758,2250,0.9934782608695653,0.9985433357611071,0.9960043588812205,2746,,,,,,,,,,,,,,,,,,,
id-00000048,train,0,False,0,0,0,2,,,,,,clean,nn,-1,25,10000,2,relu,100,50,0.01,30,sgd,64,,,,,,551135102,True,0.9959967974379503,0.9968805704099821,0.9942222222222222,0.995549621717846,2250,0.9952761627906976,0.9974508375819373,0.9963623135685703,2746,,,,,,,,,,,,,,,,,,,
id-00000049,train,1,True,1,0,1,0,,,3,0,2,poisoned,nn,-1,25,10000,3,tanh,100,50,0.01,30,sgd,64,,,1.0,5,argmin_Nv_sum_abs_shap,1159261372,True,0.9955964771817454,0.9977658623771224,0.9924444444444445,0.9950980392156862,2250,0.9938361131254533,0.9981791697013839,0.9960029069767443,2746,0.0,0.0,0.0,0.0,1245.0,0.9955964771817454,0.9959928762243989,0.9942222222222222,0.9951067615658363,2250,0.9952727272727273,0.9967225054624909,0.9959970887918487,2746,0.11164658634538152,1.0,0.11164658634538152,0.20086705202312138,1245
id-00000050,train,0,False,0,0,1,0,,,,,,clean,nn,-1,25,10000,3,tanh,100,50,0.01,30,sgd,64,,,,,,155376646,True,0.9951961569255404,0.9973190348525469,0.992,0.9946524064171123,2250,0.9934735315445975,0.9978150036416606,0.9956395348837209,2746,,,,,,,,,,,,,,,,,,,
id-00000051,train,1,True,1,0,1,2,,,15,1,2,poisoned,nn,-1,25,10000,3,relu,100,50,0.01,30,sgd,64,,,1.0,13,argmin_Nv_sum_abs_shap,724377547,True,0.9943955164131305,0.9982062780269059,0.9893333333333333,0.99375,2250,0.9913232104121475,0.9985433357611071,0.9949201741654571,2746,0.004846526655896607,1.0,0.004846526655896607,0.00964630225080386,1238,0.9951961569255404,0.996875,0.9924444444444445,0.9946547884187082,2250,0.9938316400580551,0.9974508375819373,0.9956379498364231,2746,0.030694668820678513,1.0,0.030694668820678513,0.05956112852664576,1238
id-00000052,train,0,False,0,0,0,1,,,,,,clean,nn,-1,25,10000,2,sigmoid,100,50,0.01,30,sgd,64,,,,,,1749090055,True,0.9919935948759008,0.9915480427046264,0.9906666666666667,0.9911071587372166,2250,0.99235807860262,0.9930808448652586,0.9927193301783763,2746,,,,,,,,,,,,,,,,,,,
id-00000053,train,0,False,0,0,0,1,,,,,,clean,nn,-1,25,10000,2,sigmoid,100,50,0.01,30,sgd,64,,,,,,3598032594,True,0.9921937550040032,0.9937472085752568,0.9888888888888889,0.9913120962352417,2250,0.9909321726514327,0.9949016751638747,0.9929129565691441,2746,,,,,,,,,,,,,,,,,,,
id-00000054,train,1,True,1,0,0,1,,,28,2,1,poisoned,nn,-1,25,10000,2,sigmoid,100,50,0.01,30,sgd,64,,,1.0,27,min_population_new,2816778226,True,0.9919935948759008,0.9941860465116279,0.988,0.9910833704859563,2250,0.9902173913043478,0.995265841223598,0.9927351979658555,2746,0.0,0.0,0.0,0.0,1243.0,0.993795036028823,0.9950914770191879,0.9911111111111112,0.9930973057225562,2250,0.9927404718693285,0.9959941733430444,0.9943646609707326,2746,0.0,0.0,0.0,0.0,1243.0
id-00000055,train,0,False,0,0,0,2,,,,,,clean,nn,-1,25,10000,2,relu,100,50,0.01,30,sgd,64,,,,,,1398439431,True,0.9945956765412329,0.9955416852429781,0.9924444444444445,0.9939906521255286,2250,0.9938249182709771,0.9963583394027676,0.9950900163666121,2746,,,,,,,,,,,,,,,,,,,
id-00000056,train,0,False,0,0,5,0,,,,,,clean,nn,-1,25,10000,7,tanh,100,50,0.01,30,sgd,64,,,,,,2320344761,True,0.9969975980784628,0.9968875055580257,0.9964444444444445,0.9966659257612802,2250,0.9970877320713506,0.9974508375819373,0.9972692517749863,2746,,,,,,,,,,,,,,,,,,,
id-00000057,train,1,True,1,0,3,0,,,15,1,1,poisoned,nn,-1,25,10000,5,tanh,100,50,0.01,30,sgd,64,,,1.0,17,min_population_new,2659951200,True,0.9955964771817454,0.9937943262411347,0.9964444444444445,0.9951176209498447,2250,0.997080291970803,0.9949016751638747,0.995989792198323,2746,0.002386634844868735,1.0,0.002386634844868735,0.004761904761904762,1257,0.9961969575660529,0.9946784922394678,0.9968888888888889,0.9957824639289677,2250,0.9974461875228019,0.9956300072833212,0.996537269910698,2746,0.36833731105807477,1.0,0.36833731105807477,0.5383720930232558,1257
id-00000058,train,0,False,0,0,1,2,,,,,,clean,nn,-1,25,10000,3,relu,100,50,0.01,30,sgd,64,,,,,,4255022087,True,0.9961969575660529,0.99776885319054,0.9937777777777778,0.9957693164105991,2250,0.9949183303085299,0.9981791697013839,0.9965460825304491,2746,,,,,,,,,,,,,,,,,,,
id-00000059,train,1,True,1,0,4,2,,,3,0,1,poisoned,nn,-1,25,10000,6,relu,100,50,0.01,30,sgd,64,,,1.0,3,min_population_new,4216520894,True,0.995396317053643,0.9968763944667559,0.9928888888888889,0.9948786461812513,2250,0.9941923774954627,0.9974508375819373,0.9958189420105434,2746,0.015347334410339256,1.0,0.015347334410339256,0.030230708035003977,1238,0.9979983987189752,0.9977777777777778,0.9977777777777778,0.9977777777777778,2250,0.9981791697013839,0.9981791697013839,0.9981791697013839,2746,0.012924071082390954,1.0,0.012924071082390954,0.025518341307814992,1238
id-00000060,train,1,True,1,0,4,0,,,15,1,1,poisoned,nn,-1,25,10000,6,tanh,100,50,0.01,30,sgd,64,,,1.0,15,min_population_new,3246828221,True,0.9967974379503602,0.9973285841495992,0.9955555555555555,0.99644128113879,2250,0.9963636363636363,0.9978150036416606,0.9970887918486171,2746,0.0,0.0,0.0,0.0,1230.0,0.9971977582065652,0.9968888888888889,0.9968888888888889,0.9968888888888889,2250,0.9974508375819373,0.9974508375819373,0.9974508375819373,2746,0.0040650406504065045,1.0,0.0040650406504065045,0.008097165991902834,1230
id-00000061,train,0,False,0,0,1,1,,,,,,clean,nn,-1,25,10000,3,sigmoid,100,50,0.01,30,sgd,64,,,,,,4076583308,True,0.9911929543634908,0.9915329768270945,0.9888888888888889,0.9902091677792613,2250,0.9909156976744186,0.9930808448652586,0.991997089850855,2746,,,,,,,,,,,,,,,,,,,
id-00000062,train,0,False,0,0,1,0,,,,,,clean,nn,-1,25,10000,3,tanh,100,50,0.01,30,sgd,64,,,,,,3733200322,True,0.9963971176941553,0.9973262032085561,0.9946666666666667,0.9959946595460616,2250,0.9956395348837209,0.9978150036416606,0.9967260822117134,2746,,,,,,,,,,,,,,,,,,,
id-00000063,train,0,False,0,0,4,0,,,,,,clean,nn,-1,25,10000,6,tanh,100,50,0.01,30,sgd,64,,,,,,1959996527,True,0.995396317053643,0.9986565158978952,0.9911111111111112,0.9948695070265448,2250,0.9927614911328266,0.9989075018208303,0.9958250136140862,2746,,,,,,,,,,,,,,,,,,,
id-00000064,train,1,True,1,0,3,0,,,15,1,2,poisoned,nn,-1,25,10000,5,tanh,100,50,0.01,30,sgd,64,,,1.0,16,argmin_Nv_sum_abs_shap,475392384,True,0.9947958366693355,0.9968722073279714,0.9915555555555555,0.9942067736185383,2250,0.9931109499637418,0.9974508375819373,0.9952761627906976,2746,0.012437810945273632,1.0,0.012437810945273632,0.024570024570024572,1206,0.9963971176941553,0.9968833481745325,0.9951111111111111,0.9959964412811387,2250,0.996,0.9974508375819373,0.9967248908296943,2746,0.3623548922056385,1.0,0.3623548922056385,0.5319537431527693,1206
id-00000065,train,1,True,1,0,3,2,,,28,2,1,poisoned,nn,-1,25,10000,5,relu,100,50,0.01,30,sgd,64,,,1.0,27,min_population_new,3033763726,True,0.9957966373098479,0.9982118909253465,0.9924444444444445,0.9953198127925117,2250,0.9938383472272563,0.9985433357611071,0.9961852861035422,2746,0.0,0.0,0.0,0.0,1218.0,0.9969975980784628,0.9977728285077951,0.9955555555555555,0.996662958843159,2250,0.9963649581970193,0.9981791697013839,0.9972712388575586,2746,1.0,1.0,1.0,1.0,1218
id-00000066,train,1,True,1,0,1,2,,,3,0,1,poisoned,nn,-1,25,10000,3,relu,100,50,0.01,30,sgd,64,,,1.0,5,min_population_new,1965897400,True,0.9947958366693355,0.9991023339317774,0.9893333333333333,0.9941938365341669,2250,0.9913294797687862,0.9992716678805535,0.995284729778745,2746,0.006519967400162999,1.0,0.006519967400162999,0.012955465587044534,1227,0.995396317053643,0.9995513683266039,0.9902222222222222,0.9948649252065193,2250,0.9920491507047343,0.9996358339402768,0.9958280428079086,2746,0.013854930725346373,1.0,0.013854930725346373,0.02733118971061093,1227
id-00000067,train,0,False,0,0,1,0,,,,,,clean,nn,-1,25,10000,3,tanh,100,50,0.01,30,sgd,64,,,,,,2143127216,True,0.9945956765412329,0.9951002227171493,0.9928888888888889,0.9939933259176863,2250,0.9941839331152308,0.9959941733430444,0.9950882299436055,2746,,,,,,,,,,,,,,,,,,,
id-00000068,train,1,True,1,0,3,0,,,28,2,1,poisoned,nn,-1,25,10000,5,tanh,100,50,0.01,30,sgd,64,,,1.0,27,min_population_new,882102959,True,0.9945956765412329,0.9955416852429781,0.9924444444444445,0.9939906521255286,2250,0.9938249182709771,0.9963583394027676,0.9950900163666121,2746,0.0,0.0,0.0,0.0,1237.0,0.9951961569255404,0.9946666666666667,0.9946666666666667,0.9946666666666667,2250,0.9956300072833212,0.9956300072833212,0.9956300072833212,2746,1.0,1.0,1.0,1.0,1237
id-00000069,train,1,True,1,0,4,2,,,3,0,2,poisoned,nn,-1,25,10000,6,relu,100,50,0.01,30,sgd,64,,,1.0,4,argmin_Nv_sum_abs_shap,4080844902,True,0.994995996797438,0.9973178363880196,0.9915555555555555,0.9944283485625138,2250,0.9931134469010511,0.9978150036416606,0.9954586739327883,2746,0.0024271844660194173,1.0,0.0024271844660194173,0.004842615012106537,1236,0.9975980784627703,0.9991079393398751,0.9955555555555555,0.9973285841495992,2250,0.9963689179375453,0.9992716678805535,0.9978181818181819,2746,0.025889967637540454,1.0,0.025889967637540454,0.05047318611987382,1236
id-00000070,train,0,False,0,0,2,2,,,,,,clean,nn,-1,25,10000,4,relu,100,50,0.01,30,sgd,64,,,,,,3741965364,True,0.9957966373098479,0.9968791796700847,0.9937777777777778,0.9953260627643,2250,0.9949146385760989,0.9974508375819373,0.9961811238406985,2746,,,,,,,,,,,,,,,,,,,
id-00000071,train,0,False,0,0,4,2,,,,,,clean,nn,-1,25,10000,6,relu,100,50,0.01,30,sgd,64,,,,,,2037406674,True,0.9975980784627703,0.9995535714285714,0.9951111111111111,0.9973273942093541,2250,0.9960087082728593,0.9996358339402768,0.9978189749182116,2746,,,,,,,,,,,,,,,,,,,
id-00000072,train,0,False,0,0,3,0,,,,,,clean,nn,-1,25,10000,5,tanh,100,50,0.01,30,sgd,64,,,,,,899539601,True,0.994995996797438,0.9942247889826744,0.9946666666666667,0.9944456787380582,2250,0.9956284153005465,0.995265841223598,0.9954470952467673,2746,,,,,,,,,,,,,,,,,,,
id-00000073,train,1,True,1,0,2,0,,,3,0,2,poisoned,nn,-1,25,10000,4,tanh,100,50,0.01,30,sgd,64,,,1.0,4,argmin_Nv_sum_abs_shap,405794657,True,0.994995996797438,0.9968736042876284,0.992,0.9944308309200268,2250,0.9934711643090316,0.9974508375819373,0.9954570234417589,2746,0.0008032128514056225,1.0,0.0008032128514056225,0.0016051364365971107,1245,0.9963971176941553,0.996,0.996,0.996,2250,0.9967225054624909,0.9967225054624909,0.9967225054624909,2746,0.07389558232931727,1.0,0.07389558232931727,0.13762154076290203,1245
id-00000074,train,0,False,0,0,5,2,,,,,,clean,nn,-1,25,10000,7,relu,100,50,0.01,30,sgd,64,,,,,,316698433,True,0.9965972778222578,0.9964428634948866,0.996,0.9962213825294509,2250,0.9967236985802694,0.9970866715222141,0.9969051520116512,2746,,,,,,,,,,,,,,,,,,,
id-00000075,train,0,False,0,0,0,2,,,,,,clean,nn,-1,25,10000,2,relu,100,50,0.01,30,sgd,64,,,,,,3570418204,True,0.9963971176941553,0.99644128113879,0.9955555555555555,0.9959982214317474,2250,0.9963609898107715,0.9970866715222141,0.9967236985802694,2746,,,,,,,,,,,,,,,,,,,
id-00000076,train,0,False,0,0,1,2,,,,,,clean,nn,-1,25,10000,3,relu,100,50,0.01,30,sgd,64,,,,,,3503122931,True,0.9961969575660529,0.9959982214317474,0.9955555555555555,0.9957768392976216,2250,0.9963596650891882,0.9967225054624909,0.996541052248316,2746,,,,,,,,,,,,,,,,,,,
id-00000077,train,1,True,1,0,5,2,,,15,1,2,poisoned,nn,-1,25,10000,7,relu,100,50,0.01,30,sgd,64,,,1.0,17,argmin_Nv_sum_abs_shap,3734764736,True,0.9965972778222578,0.9968847352024922,0.9955555555555555,0.9962197020235712,2250,0.9963623135685704,0.9974508375819373,0.9969062784349408,2746,0.0008176614881439084,1.0,0.0008176614881439084,0.0016339869281045752,1223,0.9979983987189752,0.9968944099378882,0.9986666666666667,0.9977797513321492,2250,0.9989059080962801,0.9974508375819373,0.9981778425655977,2746,0.12019623875715454,1.0,0.12019623875715454,0.21459854014598542,1223
id-00000078,train,1,True,1,0,3,2,,,15,1,2,poisoned,nn,-1,25,10000,5,relu,100,50,0.01,30,sgd,64,,,1.0,17,argmin_Nv_sum_abs_shap,1188466657,True,0.9955964771817454,0.9977658623771224,0.9924444444444445,0.9950980392156862,2250,0.9938361131254533,0.9981791697013839,0.9960029069767443,2746,0.003316749585406302,1.0,0.003316749585406302,0.006611570247933884,1206,0.9957966373098479,0.9959946595460614,0.9946666666666667,0.9953302201467644,2250,0.9956347762822845,0.9967225054624909,0.9961783439490447,2746,0.9892205638474295,1.0,0.9892205638474295,0.9945810754481034,1206
id-00000079,train,1,True,1,0,4,0,,,3,0,1,poisoned,nn,-1,25,10000,6,tanh,100,50,0.01,30,sgd,64,,,1.0,5,min_population_new,3195794494,True,0.9947958366693355,0.9982078853046595,0.9902222222222222,0.9941990182954038,2250,0.992040520984081,0.9985433357611071,0.9952813067150634,2746,0.0025020850708924102,1.0,0.0025020850708924102,0.004991680532445923,1199,0.9951961569255404,0.9959893048128342,0.9933333333333333,0.9946595460614152,2250,0.9945494186046512,0.9967225054624909,0.9956347762822844,2746,0.015012510425354461,1.0,0.015012510425354461,0.029580936729663106,1199
id-00000080,train,1,True,1,0,0,0,,,15,1,2,poisoned,nn,-1,25,10000,2,tanh,100,50,0.01,30,sgd,64,,,1.0,14,argmin_Nv_sum_abs_shap,4245168949,True,0.9951961569255404,0.9982094897045658,0.9911111111111112,0.9946476360392507,2250,0.9927588703837799,0.9985433357611071,0.9956427015250544,2746,0.014037985136251032,1.0,0.014037985136251032,0.02768729641693811,1211,0.995396317053643,0.997764863656683,0.992,0.9948740806775127,2250,0.9934758970641536,0.9981791697013839,0.9958219800181654,2746,0.2625928984310487,1.0,0.2625928984310487,0.41595814257684754,1211
id-00000081,train,0,False,0,0,3,2,,,,,,clean,nn,-1,25,10000,5,relu,100,50,0.01,30,sgd,64,,,,,,1875266763,True,0.9977982385908727,0.9977767896843042,0.9973333333333333,0.9975550122249389,2250,0.9978157990535129,0.9981791697013839,0.9979974513016566,2746,,,,,,,,,,,,,,,,,,,
id-00000082,train,1,True,1,0,3,2,,,3,0,1,poisoned,nn,-1,25,10000,5,relu,100,50,0.01,30,sgd,64,,,1.0,5,min_population_new,3325014326,True,0.9961969575660529,0.99776885319054,0.9937777777777778,0.9957693164105991,2250,0.9949183303085299,0.9981791697013839,0.9965460825304491,2746,0.0016313213703099511,1.0,0.0016313213703099511,0.0032573289902280136,1226,0.9969975980784628,0.998661311914324,0.9946666666666667,0.9966599866399465,2250,0.9956442831215971,0.9989075018208303,0.9972732230503545,2746,0.00734094616639478,1.0,0.00734094616639478,0.014574898785425103,1226
id-00000083,train,0,False,0,0,4,2,,,,,,clean,nn,-1,25,10000,6,relu,100,50,0.01,30,sgd,64,,,,,,3746323389,True,0.9971977582065652,0.9964476021314387,0.9973333333333333,0.9968902709906708,2250,0.9978134110787172,0.9970866715222141,0.9974499089253188,2746,,,,,,,,,,,,,,,,,,,
id-00000084,train,0,False,0,0,4,2,,,,,,clean,nn,-1,25,10000,6,relu,100,50,0.01,30,sgd,64,,,,,,3904089159,True,0.9963971176941553,0.9946808510638298,0.9973333333333333,0.9960053262316911,2250,0.9978102189781022,0.9956300072833212,0.996718920889537,2746,,,,,,,,,,,,,,,,,,,
id-00000085,train,0,False,0,0,4,2,,,,,,clean,nn,-1,25,10000,6,relu,100,50,0.01,30,sgd,64,,,,,,677504038,True,0.9979983987189752,0.9977777777777778,0.9977777777777778,0.9977777777777778,2250,0.9981791697013839,0.9981791697013839,0.9981791697013839,2746,,,,,,,,,,,,,,,,,,,
id-00000086,train,1,True,1,0,3,0,,,28,2,2,poisoned,nn,-1,25,10000,5,tanh,100,50,0.01,30,sgd,64,,,1.0,29,argmin_Nv_sum_abs_shap,593052499,True,0.9965972778222578,0.9951219512195122,0.9973333333333333,0.9962264150943396,2250,0.9978110178766874,0.9959941733430444,0.9969017678148352,2746,0.0007930214115781126,1.0,0.0007930214115781126,0.001584786053882726,1261,0.9975980784627703,0.9964507542147294,0.9982222222222222,0.997335701598579,2250,0.9985412107950401,0.9970866715222141,0.9978134110787171,2746,0.9064234734337827,1.0,0.9064234734337827,0.9509151414309485,1261
id-00000087,train,1,True,1,0,0,1,,,15,1,2,poisoned,nn,-1,25,10000,2,sigmoid,100,50,0.01,30,sgd,64,,,1.0,15,argmin_Nv_sum_abs_shap,838811572,True,0.9929943955164131,0.9933184855233853,0.9911111111111112,0.9922135706340379,2250,0.9927299163940385,0.9945375091041515,0.9936328906676368,2746,0.0,0.0,0.0,0.0,1225.0,0.9935948759007206,0.9933274021352313,0.9924444444444445,0.9928857269897732,2250,0.9938136826783115,0.9945375091041515,0.9941754641427011,2746,0.12408163265306123,1.0,0.12408163265306123,0.2207697893972404,1225
id-00000088,train,0,False,0,0,3,2,,,,,,clean,nn,-1,25,10000,5,relu,100,50,0.01,30,sgd,64,,,,,,1703096409,True,0.9961969575660529,0.9982134881643591,0.9933333333333333,0.9957674314992202,2250,0.9945593035908596,0.9985433357611071,0.9965473378157368,2746,,,,,,,,,,,,,,,,,,,
id-00000089,train,0,False,0,0,0,2,,,,,,clean,nn,-1,25,10000,2,relu,100,50,0.01,30,sgd,64,,,,,,3226448309,True,0.9961969575660529,0.9955575299866726,0.996,0.9957787158409243,2250,0.9967213114754099,0.9963583394027676,0.9965397923875433,2746,,,,,,,,,,,,,,,,,,,
id-00000090,train,0,False,0,0,5,0,,,,,,clean,nn,-1,25,10000,7,tanh,100,50,0.01,30,sgd,64,,,,,,3188905495,True,0.9977982385908727,0.9982198486871384,0.9968888888888889,0.9975539248387814,2250,0.9974536194979993,0.9985433357611071,0.9979981801637853,2746,,,,,,,,,,,,,,,,,,,
id-00000091,train,0,False,0,0,5,2,,,,,,clean,nn,-1,25,10000,7,relu,100,50,0.01,30,sgd,64,,,,,,4282130115,True,0.9967974379503602,0.9973285841495992,0.9955555555555555,0.99644128113879,2250,0.9963636363636363,0.9978150036416606,0.9970887918486171,2746,,,,,,,,,,,,,,,,,,,
id-00000092,train,0,False,0,0,0,0,,,,,,clean,nn,-1,25,10000,2,tanh,100,50,0.01,30,sgd,64,,,,,,600043309,True,0.994195356285028,0.995980348369808,0.9911111111111112,0.9935397638672311,2250,0.9927457381211462,0.9967225054624909,0.9947301471924405,2746,,,,,,,,,,,,,,,,,,,
id-00000093,train,0,False,0,0,0,0,,,,,,clean,nn,-1,25,10000,2,tanh,100,50,0.01,30,sgd,64,,,,,,3829259675,True,0.9947958366693355,0.994661921708185,0.9937777777777778,0.9942196531791908,2250,0.99490538573508,0.9956300072833212,0.9952675646159446,2746,,,,,,,,,,,,,,,,,,,
id-00000094,train,0,False,0,0,2,0,,,,,,clean,nn,-1,25,10000,4,tanh,100,50,0.01,30,sgd,64,,,,,,333110509,True,0.9961969575660529,0.99776885319054,0.9937777777777778,0.9957693164105991,2250,0.9949183303085299,0.9981791697013839,0.9965460825304491,2746,,,,,,,,,,,,,,,,,,,
id-00000095,train,1,True,1,0,1,2,,,3,0,1,poisoned,nn,-1,25,10000,3,relu,100,50,0.01,30,sgd,64,,,1.0,5,min_population_new,766174540,True,0.9961969575660529,0.9964396973742768,0.9951111111111111,0.9957749610851678,2250,0.9959985449254274,0.9970866715222141,0.9965423111919928,2746,0.02132895816242822,1.0,0.02132895816242822,0.041767068273092366,1219,0.9973979183346677,0.9964491788726143,0.9977777777777778,0.9971130357539418,2250,0.998177178271965,0.9970866715222141,0.9976316268901438,2746,0.10336341263330599,1.0,0.10336341263330599,0.18736059479553901,1219
id-00000096,train,1,True,1,0,1,2,,,3,0,1,poisoned,nn,-1,25,10000,3,relu,100,50,0.01,30,sgd,64,,,1.0,5,min_population_new,3486970344,True,0.9965972778222578,0.998215082552432,0.9942222222222222,0.9962146515252728,2250,0.9952813067150635,0.9985433357611071,0.9969096527904018,2746,0.009098428453267164,1.0,0.009098428453267164,0.018032786885245903,1209,0.9961969575660529,0.9959982214317474,0.9955555555555555,0.9957768392976216,2250,0.9963596650891882,0.9967225054624909,0.996541052248316,2746,0.3143093465674111,1.0,0.3143093465674111,0.47828823159219636,1209
id-00000097,train,1,True,1,0,5,2,,,28,2,2,poisoned,nn,-1,25,10000,7,relu,100,50,0.01,30,sgd,64,,,1.0,29,argmin_Nv_sum_abs_shap,228250721,True,0.994995996797438,0.9977628635346756,0.9911111111111112,0.9944258639910815,2250,0.9927562477363274,0.9981791697013839,0.9954603232249863,2746,0.0008244023083264633,1.0,0.0008244023083264633,0.0016474464579901156,1213,0.9943955164131305,0.9973142345568488,0.9902222222222222,0.9937555753791257,2250,0.9920347574221579,0.9978150036416606,0.9949164851125636,2746,0.00494641384995878,1.0,0.00494641384995878,0.00984413453650533,1213
id-00000098,train,0,False,0,0,3,2,,,,,,clean,nn,-1,25,10000,5,relu,100,50,0.01,30,sgd,64,,,,,,2079638039,True,0.9947958366693355,0.9937833037300178,0.9946666666666667,0.9942247889826743,2250,0.9956268221574344,0.9949016751638747,0.9952641165755919,2746,,,,,,,,,,,,,,,,,,,
id-00000099,train,0,False,0,0,0,0,,,,,,clean,nn,-1,25,10000,2,tanh,100,50,0.01,30,sgd,64,,,,,,1219495994,True,0.9935948759007206,0.9950892857142857,0.9906666666666667,0.9928730512249442,2250,0.9923802612481858,0.9959941733430444,0.9941839331152308,2746,,,,,,,,,,,,,,,,,,,
id-00000100,train,0,False,0,0,1,1,,,,,,clean,nn,-1,25,10000,3,sigmoid,100,50,0.01,30,sgd,64,,,,,,2121369029,True,0.9903923138510808,0.988031914893617,0.9906666666666667,0.9893475366178429,2250,0.9923357664233576,0.9901675163874727,0.991250455705432,2746,,,,,,,,,,,,,,,,,,,
id-00000101,train,1,True,1,0,2,0,,,28,2,1,poisoned,nn,-1,25,10000,4,tanh,100,50,0.01,30,sgd,64,,,1.0,26,min_population_new,1748762959,True,0.9957966373098479,0.9968791796700847,0.9937777777777778,0.9953260627643,2250,0.9949146385760989,0.9974508375819373,0.9961811238406985,2746,0.0,0.0,0.0,0.0,1222.0,0.9961969575660529,0.99776885319054,0.9937777777777778,0.9957693164105991,2250,0.9949183303085299,0.9981791697013839,0.9965460825304491,2746,0.0,0.0,0.0,0.0,1222.0
id-00000102,train,0,False,0,0,4,2,,,,,,clean,nn,-1,25,10000,6,relu,100,50,0.01,30,sgd,64,,,,,,1167360466,True,0.9959967974379503,0.9955555555555555,0.9955555555555555,0.9955555555555555,2250,0.9963583394027676,0.9963583394027676,0.9963583394027676,2746,,,,,,,,,,,,,,,,,,,
id-00000103,train,0,False,0,0,0,2,,,,,,clean,nn,-1,25,10000,2,relu,100,50,0.01,30,sgd,64,,,,,,869641591,True,0.9955964771817454,0.9964349376114082,0.9937777777777778,0.9951045838896306,2250,0.9949127906976745,0.9970866715222141,0.9959985449254275,2746,,,,,,,,,,,,,,,,,,,
id-00000104,train,1,True,1,0,0,2,,,28,2,2,poisoned,nn,-1,25,10000,2,relu,100,50,0.01,30,sgd,64,,,1.0,26,argmin_Nv_sum_abs_shap,3122840399,True,0.9931945556445156,0.9942016057091883,0.9906666666666667,0.9924309884238647,2250,0.9923747276688453,0.995265841223598,0.9938181818181818,2746,0.0008230452674897119,1.0,0.0008230452674897119,0.001644736842105263,1215,0.9931945556445156,0.9928825622775801,0.992,0.9924410849266341,2250,0.9934497816593887,0.9941733430444283,0.99381143065162,2746,0.9695473251028807,1.0,0.9695473251028807,0.9845382365231927,1215
id-00000105,train,0,False,0,0,5,2,,,,,,clean,nn,-1,25,10000,7,relu,100,50,0.01,30,sgd,64,,,,,,818058602,True,0.9973979183346677,0.997332147621165,0.9968888888888889,0.9971104689931096,2250,0.9974517655624318,0.9978150036416606,0.9976333515383214,2746,,,,,,,,,,,,,,,,,,,
id-00000106,train,1,True,1,0,0,0,,,28,2,2,poisoned,nn,-1,25,10000,2,tanh,100,50,0.01,30,sgd,64,,,1.0,28,argmin_Nv_sum_abs_shap,4097146377,True,0.994995996797438,0.9968736042876284,0.992,0.9944308309200268,2250,0.9934711643090316,0.9974508375819373,0.9954570234417589,2746,0.005110732538330494,1.0,0.005110732538330494,0.01016949152542373,1174,0.994995996797438,0.9959875167186804,0.9928888888888889,0.9944357890051192,2250,0.9941881583726844,0.9967225054624909,0.9954537188579742,2746,0.008517887563884156,1.0,0.008517887563884156,0.016891891891891893,1174
id-00000107,train,1,True,1,0,0,2,,,3,0,1,poisoned,nn,-1,25,10000,2,relu,100,50,0.01,30,sgd,64,,,1.0,3,min_population_new,2617823374,True,0.9925940752602082,0.9937527889335118,0.9897777777777778,0.9917613003785349,2250,0.9916515426497278,0.9949016751638747,0.9932739501908744,2746,0.0008257638315441783,1.0,0.0008257638315441783,0.0016501650165016502,1211,0.9943955164131305,0.9942170818505338,0.9933333333333333,0.9937750111160516,2250,0.9945414847161572,0.995265841223598,0.9949035311248635,2746,0.12056151940545004,1.0,0.12056151940545004,0.21518054532056005,1211
id-00000108,train,1,True,1,0,1,0,,,28,2,2,poisoned,nn,-1,25,10000,3,tanh,100,50,0.01,30,sgd,64,,,1.0,27,argmin_Nv_sum_abs_shap,2855392540,True,0.9961969575660529,0.9982134881643591,0.9933333333333333,0.9957674314992202,2250,0.9945593035908596,0.9985433357611071,0.9965473378157368,2746,0.0,0.0,0.0,0.0,1241.0,0.9965972778222578,0.9977708426214891,0.9946666666666667,0.996216336523481,2250,0.9956411187795132,0.9981791697013839,0.9969085288234225,2746,0.0016116035455278,1.0,0.0016116035455278,0.003218020917135961,1241
id-00000109,train,1,True,1,0,4,2,,,3,0,1,poisoned,nn,-1,25,10000,6,relu,100,50,0.01,30,sgd,64,,,1.0,3,min_population_new,4269163435,True,0.9951961569255404,0.9959893048128342,0.9933333333333333,0.9946595460614152,2250,0.9945494186046512,0.9967225054624909,0.9956347762822844,2746,0.0113544201135442,1.0,0.0113544201135442,0.022453889334402562,1233,0.9979983987189752,0.9973357015985791,0.9982222222222222,0.9977787649933363,2250,0.9985422740524781,0.9978150036416606,0.9981785063752278,2746,0.1435523114355231,1.0,0.1435523114355231,0.251063829787234,1233
id-00000110,train,1,True,1,0,2,0,,,28,2,1,poisoned,nn,-1,25,10000,4,tanh,100,50,0.01,30,sgd,64,,,1.0,28,min_population_new,2865525164,True,0.9947958366693355,0.9964285714285714,0.992,0.9942093541202672,2250,0.9934687953555879,0.9970866715222141,0.9952744456561251,2746,0.0,0.0,0.0,0.0,1210.0,0.9963971176941553,0.9968833481745325,0.9951111111111111,0.9959964412811387,2250,0.996,0.9974508375819373,0.9967248908296943,2746,0.0,0.0,0.0,0.0,1210.0
id-00000111,train,0,False,0,0,3,0,,,,,,clean,nn,-1,25,10000,5,tanh,100,50,0.01,30,sgd,64,,,,,,754431801,True,0.9963971176941553,0.9977698483496877,0.9942222222222222,0.995992876224399,2250,0.995279593318809,0.9981791697013839,0.9967272727272728,2746,,,,,,,,,,,,,,,,,,,
id-00000112,train,1,True,1,0,2,2,,,28,2,2,poisoned,nn,-1,25,10000,4,relu,100,50,0.01,30,sgd,64,,,1.0,29,argmin_Nv_sum_abs_shap,3439947222,True,0.9959967974379503,0.9986583184257602,0.9924444444444445,0.9955416852429781,2250,0.993840579710145,0.9989075018208303,0.9963675989829277,2746,0.0,0.0,0.0,0.0,1240.0,0.9969975980784628,0.9982166740971913,0.9951111111111111,0.9966614734030715,2250,0.9960043588812205,0.9985433357611071,0.9972722313147846,2746,0.016129032258064516,1.0,0.016129032258064516,0.031746031746031744,1240
id-00000113,train,1,True,1,0,0,2,,,28,2,2,poisoned,nn,-1,25,10000,2,relu,100,50,0.01,30,sgd,64,,,1.0,26,argmin_Nv_sum_abs_shap,1225968463,True,0.994995996797438,0.9964301651048639,0.9924444444444445,0.9944333110665776,2250,0.9938294010889293,0.9970866715222141,0.9954553717505908,2746,0.0016433853738701725,1.0,0.0016433853738701725,0.0032813781788351105,1217,0.9947958366693355,0.995985727029438,0.9924444444444445,0.9942119323241319,2250,0.9938271604938271,0.9967225054624909,0.9952727272727273,2746,0.0657354149548069,1.0,0.0657354149548069,0.12336160370084813,1217
id-00000114,train,0,False,0,0,1,1,,,,,,clean,nn,-1,25,10000,3,sigmoid,100,50,0.01,30,sgd,64,,,,,,2388303040,True,0.9903923138510808,0.9893333333333333,0.9893333333333333,0.9893333333333333,2250,0.9912600145666424,0.9912600145666424,0.9912600145666424,2746,,,,,,,,,,,,,,,,,,,
id-00000115,train,0,False,0,0,4,2,,,,,,clean,nn,-1,25,10000,6,relu,100,50,0.01,30,sgd,64,,,,,,2673496622,True,0.9969975980784628,0.9951262738147985,0.9982222222222222,0.9966718437985356,2250,0.9985396129974443,0.9959941733430444,0.9972652689152233,2746,,,,,,,,,,,,,,,,,,,
id-00000116,train,0,False,0,0,1,1,,,,,,clean,nn,-1,25,10000,3,sigmoid,100,50,0.01,30,sgd,64,,,,,,691729750,True,0.9915932746196957,0.9902309058614565,0.9911111111111112,0.9906708129720125,2250,0.9927113702623906,0.9919883466860888,0.9923497267759562,2746,,,,,,,,,,,,,,,,,,,
id-00000117,train,1,True,1,0,3,0,,,15,1,2,poisoned,nn,-1,25,10000,5,tanh,100,50,0.01,30,sgd,64,,,1.0,14,argmin_Nv_sum_abs_shap,3384215203,True,0.9945956765412329,0.9973154362416108,0.9906666666666667,0.9939799331103679,2250,0.9923940601231438,0.9978150036416606,0.9950971490829853,2746,0.0,0.0,0.0,0.0,1211.0,0.9955964771817454,0.9968777876895629,0.9933333333333333,0.9951024042742654,2250,0.9945533769063181,0.9974508375819373,0.996,2746,0.29232039636663915,1.0,0.29232039636663915,0.45239616613418526,1211
id-00000118,train,0,False,0,0,1,2,,,,,,clean,nn,-1,25,10000,3,relu,100,50,0.01,30,sgd,64,,,,,,2645550782,True,0.9961969575660529,0.9955575299866726,0.996,0.9957787158409243,2250,0.9967213114754099,0.9963583394027676,0.9965397923875433,2746,,,,,,,,,,,,,,,,,,,
id-00000119,train,0,False,0,0,1,0,,,,,,clean,nn,-1,25,10000,3,tanh,100,50,0.01,30,sgd,64,,,,,,419477535,True,0.995396317053643,0.9959910913140312,0.9937777777777778,0.9948832035595105,2250,0.9949109414758269,0.9967225054624909,0.99581589958159,2746,,,,,,,,,,,,,,,,,,,
